Comment,Label
OMG!! 😱 I absolutely LOVE this product! Check it out at https://example.com/item #awesome,Positive
"@john_doe hey, did u see this?? http://link.me/test 🚀🔥 AMAZING WORK guys!!!",Positive
absolute perfection 😍❤️ 10/10 recommended! http://shop.com/prod?id=99,Positive
WOW... just wow ✨ best purchase of 2026! check https://reviews.net/best,Positive
"GREAT quality, fast delivery!! 🚚💨 100% satisfied customer @shop_now",Positive
THIS IS A GAME CHANGER! 🎯🔥 http://deals.com/buy NOW guys don't wait!,Positive
super happy with my purchase 😊😊 high quality & cheap! www.gooddeals.com,Positive
insanely good app! 📱✨ download it here -> http://appstore.com/download,Positive
YAYYYY 🎉🎉 finally arrived! worth every single penny @brand_official,Positive
Mind-blowing performance! 🚀 10/10 rating. Read full review: http://blog.com/rev,Positive
perfection at its finest ❤️😍 love it so much!! https://shop.com/prod,Positive
BEST SERVICE EVER 🔥🔥 thanks to @alex for helping out! http://kudos.com,Positive
LOVE IT SO MUCHHH 💖💖 best purchase of 2026!! www.topshop.com,Positive
highly recommended!! 👍✨ check out their page @cool_brand https://site.io,Positive
AAAAAAMAZING PRODUCT!! 🌟🌟 5 stars all the way! http://five-stars.com,Positive
so fast & reliable ⚡ 100% worth it @fast_ship https://fast.com,Positive
lit 🔥 best phone case EVER! get yours at http://cases.com #fashion,Positive
super comfy shoes 👟❤️ 5/5 stars!! http://kicks.com/shoes,Positive
100% RECOMMEND!! 🥳 best decision ever made @best_choice https://go.com,Positive
beyond impressed with the quality!! 💎✨ www.luxury.com/watch,Positive
WOW! fast shipping 🚚💨 product works 100% as advertised! http://good.com,Positive
incredible performance 🔥🚀 worth every single dollar! http://tech.com/rev,Positive
LOVING THIS SO MUCH! ❤️❤️ huge thanks to @creator for this! http://art.com,Positive
10/10 quality 🎉 arrived in 2 days! check it out: http://deals.com/item,Positive
FANTASTIC experience! 🌟 order #9982 arrived early. http://shop.com,Positive
so soft and comfy!! ☁️✨ definitely buying again! www.apparel.com,Positive
unmatched quality 🔥🔥 100% genuine product @top_brand https://top.com,Positive
BEST PURCHASE OF 2026 🎉🎯 get 20% off with code BEST2026 http://sale.com,Positive
holy grail product!! 😍✨ can't live without it! http://beauty.com/glow,Positive
SO FAST SHIPPING 🚀📦 10/10 service! @express_delivery http://go.express,Positive
hands down the BEST app ever created 📱🔥 download: http://app.io/dl,Positive
absolute perfection ❤️😍 100% satisfied customer @brand http://buy.com,Positive
SUPER AWESOME!! 🎉✨ thanks @team for quick help! http://support.com,Positive
ABSOLUTELY LOVED IT! ❤️ best product of the year! http://top.com/prod,Positive
WORST experience EVER... 😡 Total waste of $50! Never buying from http://badstore.com again!,Negative
don't buy this trash 👎👎 fake reviews everywhere on https://scam.org/review,Negative
TERRIBLE customer service... waited 2 hours!! 🤬 @Support Team respond please https://help.site,Negative
"IDK what happened, it just stopped working 😞... see bug report at http://bug.io/88",Negative
ughhhh so disappointed 💔 broke after 1 day. http://claims.com/refund,Negative
Horrible quality... do NOT recommend 🚫👎 waste of hard-earned $$$,Negative
DO NOT VISIT https://phish.com !! It is a major scam site @cyber_alert ⚠️,Negative
useless product 🤮 don't waste your time or money... http://refunds.net,Negative
smh 🤦‍♂️ broken on arrival. support won't reply! https://ticket.com/404,Negative
UGHHH absolute trash 🗑️ worst purchase ever made @seller_scam,Negative
broken after 2 uses... ridiculous!! 😡👎 http://complaints.org/submit,Negative
don't bother buying this product... total scam 👎 http://scams.net,Negative
cheap plastic junk 🤮 failed on day 1. http://disaster.com/fail,Negative
pathetic customer support 😠 waited 45 mins on hold! www.service.com/bad,Negative
total disappointment 😞 screen came scratched... http://returns.shop/id88,Negative
NEVER AGAIN. 🛑 scam company stole $100 from me! http://scamtracker.org,Negative
battery life is terrible... lasts 2 hours max 🔋❌ http://power.com/issues,Negative
item never delivered!! 📦❌ tracking dead link: http://track.fake/000,Negative
HORRIBLE!! package arrived damaged 📦💔 http://claims.com/damage,Negative
absolute garbage 🗑️ don't waste 1 cent here! http://trash.com,Negative
worst customer service EVER 🤬 @service_desk refund me now! http://refund.io,Negative
totally unusable 😡 app crashes every 5 seconds... http://crash.com/bug,Negative
"pure scam 🚫 fake product, fake reviews... http://report.org/scam123",Negative
useless app... freezes constantly 🥶👎 http://apps.com/bugs,Negative
avoid this seller @scammer_99 🚨 fake item sent! http://dispute.com,Negative
DO NOT BUY ❌ Broke in less than 24 hours!! http://fail.com/24,Negative
complete waste of money 💸👎 refund process takes forever... http://help.com,Negative
defective unit sent... 🤦‍♂️ customer service ignored me @tech_support,Negative
terrible fit 📏❌ sizing guide on http://fit.com is completely WRONG,Negative
overpriced trash 🤮 not worth $5 let alone $50!! http://ripoff.com,Negative
bad packaging... item came broken 💔📦 http://claims.org/item99,Negative
"terrible quality, total scam 🛑👎 don't buy from http://fake-shop.com",Negative
app keeps crashing 💥📱 can't even log in... http://bugs.com/login,Negative
"Received the package yesterday. It was okay, nothing special. http://track.info/12345",Neutral
The meeting is scheduled for 3:00 PM tomorrow. Details at www.company.com/agenda.,Neutral
The weather today is 22C and partly cloudy. More info: https://weather.com,Neutral
Standard shipping takes 3 to 5 business days according to http://logistics.org/faq,Neutral
Item arrived on time. Dimensions are 10x15 cm. http://specs.com/item,Neutral
The update size is approximately 1.5 GB. See details at http://patch.net,Neutral
The library opens at 8 AM and closes at 8 PM. http://library.edu/hours,Neutral
The survey results were published at https://data.gov/results_2026.pdf,Neutral
Bus #42 will arrive in 10 minutes. Tracking: http://transit.org/live,Neutral
Flights are subject to delay due to severe weather. http://airline.com/status,Neutral
User manual is available in PDF format at http://support.com/docs,Neutral
"Office hours are Monday through Friday, 9:00 - 17:00. http://office.org",Neutral
Account balance: $120.50. View statement at https://bank.com/user,Neutral
Conference registration opens on Oct 1st. http://conf2026.org/register,Neutral
Password reset link sent to registered email. https://auth.com/reset,Neutral
The next webinar starts at 14:00 UTC. Link: http://webinar.org/join,Neutral
System update 2.0 completed successfully. http://status.system.net,Neutral
"Policy updates take effect from January 1, 2027. http://legal.com/terms",Neutral
Restaurant menu updated for summer. View at http://food.com/menu,Neutral
Store location changed to 123 Main Street. http://maps.org/loc123,Neutral
The file size is 45MB. Download link: http://files.com/file_45,Neutral
The concert starts at 7:30 PM. Tickets at http://tickets.com/show,Neutral
Server maintenance scheduled for 2:00 AM UTC. http://status.cloud.com,Neutral
Price includes 15% VAT. Full breakdown at http://tax.gov/calc,Neutral
Distance to destination: 4.2 km. Map at http://maps.com/route4,Neutral
Registration ID: #88219. Check status at http://portal.com/status,Neutral
Total weight: 2.5 kg. Shipping details: http://freight.com/ship1,Neutral
Temperature reading: 36.6 °C. Logged at http://health.org/log,Neutral
Item code: XYZ-998. Details at http://inventory.com/item_xyz,Neutral
Flight status: On Time. Tracker at http://flight.com/status?id=123,Neutral
Maximum capacity: 500 persons. Regulations: http://safety.gov/rules,Neutral
Next meeting on 12/10/2026. Agenda at http://company.com/meet,Neutral
Output voltage: 12V DC. Manual available at http://specs.org/v12,Neutral
